{
  "google/gemini-2.0-flash-001": {
    "raw_score": 0.5022693312956835,
    "normalized_score": 75.11346656478418,
    "num_outputs": 20
  },
  "openai/gpt-4o-mini": {
    "raw_score": 0.5219893909354023,
    "normalized_score": 76.09946954677011,
    "num_outputs": 20
  },
  "anthropic/claude-3-haiku": {
    "raw_score": 0.582840498633736,
    "normalized_score": 79.1420249316868,
    "num_outputs": 20
  },
  "meta-llama/llama-3.1-70b-instruct": {
    "raw_score": 0.5116862976699317,
    "normalized_score": 75.58431488349659,
    "num_outputs": 20
  },
  "deepseek/deepseek-chat": {
    "raw_score": 0.5432333108697829,
    "normalized_score": 77.16166554348915,
    "num_outputs": 20
  },
  "qwen/qwen-2.5-7b-instruct": {
    "raw_score": 0.5368152928556222,
    "normalized_score": 76.84076464278111,
    "num_outputs": 20
  },
  "qwen/qwen-2.5-72b-instruct": {
    "raw_score": 0.5415761706133684,
    "normalized_score": 77.07880853066843,
    "num_outputs": 20
  }
}